1,Montevideo Shopping,Amazonas 1609,26131229
2,Montevideo Shopping,Amazonas 1609,26131229
3,Montevideo Shopping,Amazonas 1609,26131229
4,Portones Shopping,Almeria 2020,29003900
5,Portones Shopping,Almeria 2020,29003900
6,Portones Shopping,Almeria 2020,29003900
7,Nuevocentro Shopping,Luis Alberto de Herrera 3365, telefono???
8,Nuevocentro Shopping,Luis Alberto de Herrera 3365, telefono???
9,Nuevocentro Shopping,Luis Alberto de Herrera 3365, telefono???
10,Punta Carretas Shopping, Ellauri 350, telefono???
11,Punta Carretas Shopping, Ellauri 350, telefono???
12,Punta Carretas Shopping, Ellauri 350, telefono???